<keymap version="1" name="Windows User" parent="$default">
  <action id="ActivateBookmarksToolWindow">
    <keyboard-shortcut first-keystroke="alt 0" />
  </action>
  <action id="ActivateCommitToolWindow" />
  <action id="ActivateDatabaseChangesToolWindow">
    <keyboard-shortcut first-keystroke="alt 3" />
  </action>
  <action id="ActivateDatabaseToolWindow">
    <keyboard-shortcut first-keystroke="alt 2" />
  </action>
  <action id="ActivateFindToolWindow">
    <keyboard-shortcut first-keystroke="shift alt 0" />
  </action>
  <action id="ActivateTerminalToolWindow">
    <keyboard-shortcut first-keystroke="ctrl back_quote" />
  </action>
  <action id="ActivatenpmToolWindow">
    <keyboard-shortcut first-keystroke="alt f2" />
  </action>
  <action id="QuickChangeScheme">
    <keyboard-shortcut first-keystroke="alt f12" />
  </action>
  <action id="WebOpenInAction">
    <keyboard-shortcut first-keystroke="alt f6" />
  </action>
</keymap>