<application>
  <component name="GeneralSettings">
    <option name="defaultProjectDirectory" value="C:\Users\bglat\PhpstormProjects" />
    <option name="processCloseConfirmation" value="TERMINATE" />
    <option name="reopenLastProject" value="false" />
  </component>
  <component name="Registry">
    <entry key="ide.balloon.shadow.size" value="0" />
    <entry key="ide.tree.ui.experimental" value="false" />
    <entry key="ide.editor.tab.selection.animation" value="true" />
  </component>
  <component name="StatusBar">
    <option name="widgets">
      <map>
        <entry key="Memory" value="true" />
        <entry key="mtStatusBar" value="true" />
      </map>
    </option>
  </component>
</application>