<application>
  <component name="FileTypeManager" version="18">
    <extensionMap>
      <mapping pattern=".ftpquota" type="PLAIN_TEXT" />
      <mapping ext="webmanifest" type="PLAIN_TEXT" />
      <mapping ext="crt" type="PLAIN_TEXT" />
      <mapping ext="gz" type="PLAIN_TEXT" />
      <mapping ext="pem" type="PLAIN_TEXT" />
      <mapping pattern="JavaScript-modules-diagram/C:/Users/bglat/Projects/PokeROM/routes;C:/Users/bglat/Projects/PokeROM/models;C:/Users/bglat/Projects/PokeROM/controllers;" type="UML" />
      <removed_mapping ext="csv" approved="true" type="CSV/TSV" />
      <removed_mapping pattern=".eslintrc" approved="true" type="JSON" />
      <removed_mapping pattern=".prettierrc" approved="true" type="JSON" />
    </extensionMap>
  </component>
</application>