<application>
  <component name="FindSettings">
    <option name="customScope" value="All Places" />
    <option name="defaultScopeName" value="All Places" />
    <option name="SEARCH_SCOPE" value="All Places" />
    <mask>*.component.ts</mask>
    <mask>*.xml</mask>
    <mask>*.php4</mask>
    <mask>*.phtml</mask>
    <mask>*.php5</mask>
    <mask>*.ctp</mask>
    <mask>*.hphp</mask>
    <mask>*.module</mask>
    <mask>*.inc</mask>
    <mask>*.ts,*.scss</mask>
    <mask>*.scss, *.ts</mask>
    <mask>*.scss, *.ts, *.html</mask>
    <mask>*.scss,*.ts</mask>
    <mask>*.js,!main.js</mask>
    <mask>*.js,!api-state.js</mask>
    <mask>*.html</mask>
    <mask>*.ts,*.html</mask>
    <mask>*.scss</mask>
    <mask>*.ts</mask>
    <mask>*.md,*.js</mask>
    <mask>.htaccess</mask>
    <mask>*.php,*.js</mask>
    <mask>*.php,</mask>
    <mask>*.blade.php,*.php</mask>
    <mask>*.js</mask>
    <mask>*.md</mask>
    <mask>*.blade.php</mask>
    <mask>*.php</mask>
    <mask>*.css</mask>
  </component>
</application>