<application>
  <component name="MaterialThemeConfig">
    <option name="highlightColorEnabled" value="true" />
    <option name="isHighlightColorEnabled" value="true" />
    <option name="isWizardShown" value="true" />
    <option name="overrideAccentColor" value="false" />
    <option name="pristineConfig" value="false" />
    <option name="indicatorStyle" value="Dot" />
    <option name="selectedTheme" value="PALENIGHT" />
    <option name="userId" value="7521807c:181da895de8:-8000" />
    <option name="version" value="7.11.0" />
  </component>
</application>