<toolSet name="External Tools">
  <tool name="stop mongod" description="stops the mongod service" showInMainMenu="false" showInEditor="false" showInProject="false" showInSearchPopup="false" disabled="false" useConsole="false" showConsoleOnStdOut="false" showConsoleOnStdErr="false" synchronizeAfterRun="true">
    <exec>
      <option name="COMMAND" value="C:\Windows\System32\net.exe" />
      <option name="PARAMETERS" value="stop &quot;MongoDB Server&quot;" />
      <option name="WORKING_DIRECTORY" value="C:/Windows/System32" />
    </exec>
  </tool>
  <tool name="start mongod" description="starts the mongod service" showInMainMenu="false" showInEditor="false" showInProject="false" showInSearchPopup="false" disabled="false" useConsole="false" showConsoleOnStdOut="false" showConsoleOnStdErr="false" synchronizeAfterRun="true">
    <exec>
      <option name="COMMAND" value="C:\Windows\System32\net.exe" />
      <option name="PARAMETERS" value="start &quot;MongoDB Server&quot; " />
      <option name="WORKING_DIRECTORY" value="C:/Windows/System32" />
    </exec>
  </tool>
</toolSet>