<toolSet name="External Tools">
  <tool name="stop mongod" description="stops the mongod service" showInMainMenu="false" showInEditor="false" showInProject="false" showInSearchPopup="false" disabled="true" useConsole="false" showConsoleOnStdOut="false" showConsoleOnStdErr="false" synchronizeAfterRun="true">
    <exec>
      <option name="COMMAND" value="C:\Windows\System32\net.exe" />
      <option name="PARAMETERS" value="stop &quot;MongoDB Server&quot;" />
      <option name="WORKING_DIRECTORY" value="C:/Windows/System32" />
    </exec>
  </tool>
  <tool name="start mongod" description="starts the mongod service" showInMainMenu="false" showInEditor="false" showInProject="false" showInSearchPopup="false" disabled="true" useConsole="false" showConsoleOnStdOut="false" showConsoleOnStdErr="false" synchronizeAfterRun="true">
    <exec>
      <option name="COMMAND" value="C:\Windows\System32\net.exe" />
      <option name="PARAMETERS" value="start &quot;MongoDB Server&quot; " />
      <option name="WORKING_DIRECTORY" value="C:/Windows/System32" />
    </exec>
  </tool>
  <tool name="mongosh" showInMainMenu="false" showInEditor="false" showInProject="false" showInSearchPopup="false" disabled="true" useConsole="true" showConsoleOnStdOut="false" showConsoleOnStdErr="false" synchronizeAfterRun="true">
    <exec>
      <option name="COMMAND" value="C:\Program Files\MongoDB\mongosh-1.5.4-win32-x64\bin\mongosh.exe" />
      <option name="PARAMETERS" value="scripts/db/indexes.js" />
      <option name="WORKING_DIRECTORY" value="C:/Users/bglat/PhpstormProjects/pokerom" />
    </exec>
    <filter>
      <option name="NAME" value="No name" />
      <option name="DESCRIPTION" />
      <option name="REGEXP" value="$FILE_PATH$:$LINE$:$COLUMN$:.*" />
    </filter>
  </tool>
</toolSet>